token, customer, serial, regulation, respirator, activated
6wdlPbO6SE, Exxon Mobile Fawley, 86113880, HSE, Drager_FPS 3M_6000 3M_FF, 2025-12-28 23:28:57
V0zs56WRkG, LA Fire, 86113999, OSHA, Drager_FPS
zNREzZdKkm, Exxon Mobile Rotterdam, 86114440, HSE ISO, Drager_FPS 3M_6000 3M_FF
Jfxiu4FUE5, Exxon Mobile Italia, 86114499, HSE ISO, Drager_FPS 3M_6000 3M_FF
2kYLk8YNt5, Chicago Fire, 86112222, OSHA, Drager_FPS
mS2BSrSgQK, NYFD, 86112232, OSHA, Drager_FPS
3h3ReXlM4n, FBI, 86112223, OSHA, AVON_C50
PmRTiQZnE4, CIA, 86112162, OSHA, AVON_C50
Wc0UCGp5PP, NYPD, 86112232, OSHA, AVON_C50
8Txsp4iFGl, OHD, 86112944, OSHA HSE ISO, Drager_FPS 3M_6000 3M_FF
knjrSBLSkq,Testing 3,86114321,ISO,Drager FPS7000
RMNktHCTey,Testing 4,86112333,ISO, OSHA,Drager FPS7000